id,name,age,email
2,Name_2,25,email_2@example.com
9,Name_9,23,email_9@example.com
21,Name_21,26,email_21@example.com
30,Name_30,20,email_30@example.com
33,Name_33,29,email_33@example.com
40,Name_40,25,email_40@example.com
46,Name_46,28,email_46@example.com
57,Name_57,29,email_57@example.com
59,Name_59,28,email_59@example.com
64,Name_64,28,email_64@example.com
69,Name_69,24,email_69@example.com
72,Name_72,19,email_72@example.com
78,Name_78,28,email_78@example.com
81,Name_81,28,email_81@example.com
86,Name_86,19,email_86@example.com
88,Name_88,23,email_88@example.com
90,Name_90,19,email_90@example.com
93,Name_93,22,email_93@example.com
97,Name_97,29,email_97@example.com
100,Name_100,22,email_100@example.com
107,Name_107,23,email_107@example.com
112,Name_112,23,email_112@example.com
117,Name_117,24,email_117@example.com
131,Name_131,18,email_131@example.com
133,Name_133,21,email_133@example.com
137,Name_137,28,email_137@example.com
139,Name_139,21,email_139@example.com
144,Name_144,18,email_144@example.com
148,Name_148,20,email_148@example.com
149,Name_149,18,email_149@example.com
152,Name_152,19,email_152@example.com
161,Name_161,29,email_161@example.com
167,Name_167,19,email_167@example.com
174,Name_174,28,email_174@example.com
178,Name_178,18,email_178@example.com
179,Name_179,28,email_179@example.com
194,Name_194,20,email_194@example.com
197,Name_197,21,email_197@example.com
198,Name_198,28,email_198@example.com
200,Name_200,26,email_200@example.com
221,Name_221,28,email_221@example.com
223,Name_223,25,email_223@example.com
226,Name_226,19,email_226@example.com
229,Name_229,25,email_229@example.com
236,Name_236,28,email_236@example.com
238,Name_238,22,email_238@example.com
241,Name_241,27,email_241@example.com
242,Name_242,19,email_242@example.com
248,Name_248,29,email_248@example.com
250,Name_250,22,email_250@example.com
252,Name_252,29,email_252@example.com
254,Name_254,25,email_254@example.com
255,Name_255,24,email_255@example.com
264,Name_264,24,email_264@example.com
268,Name_268,20,email_268@example.com
278,Name_278,22,email_278@example.com
281,Name_281,21,email_281@example.com
282,Name_282,28,email_282@example.com
287,Name_287,28,email_287@example.com
290,Name_290,21,email_290@example.com
293,Name_293,25,email_293@example.com
298,Name_298,19,email_298@example.com
302,Name_302,22,email_302@example.com
307,Name_307,23,email_307@example.com
319,Name_319,22,email_319@example.com
320,Name_320,26,email_320@example.com
323,Name_323,25,email_323@example.com
324,Name_324,21,email_324@example.com
326,Name_326,20,email_326@example.com
328,Name_328,18,email_328@example.com
329,Name_329,19,email_329@example.com
334,Name_334,23,email_334@example.com
353,Name_353,19,email_353@example.com
360,Name_360,23,email_360@example.com
368,Name_368,18,email_368@example.com
373,Name_373,25,email_373@example.com
376,Name_376,25,email_376@example.com
383,Name_383,21,email_383@example.com
386,Name_386,19,email_386@example.com
390,Name_390,27,email_390@example.com
394,Name_394,27,email_394@example.com
406,Name_406,29,email_406@example.com
414,Name_414,25,email_414@example.com
418,Name_418,21,email_418@example.com
419,Name_419,20,email_419@example.com
421,Name_421,22,email_421@example.com
424,Name_424,19,email_424@example.com
430,Name_430,24,email_430@example.com
453,Name_453,23,email_453@example.com
459,Name_459,22,email_459@example.com
461,Name_461,22,email_461@example.com
466,Name_466,22,email_466@example.com
468,Name_468,23,email_468@example.com
478,Name_478,24,email_478@example.com
479,Name_479,23,email_479@example.com
486,Name_486,24,email_486@example.com
492,Name_492,19,email_492@example.com
499,Name_499,19,email_499@example.com
